模块,任务名称,工期(天),负责人,开始日期,结束日期,说明,依赖,产品侧
基础架构,项目脚手架搭建,2,Backend-1,Week1-Mon,Week1-Tue,FastAPI + PostgreSQL + Redis + MongoDB 基础框架,-,环境配置
基础架构,Docker Compose 开发环境,1,Backend-1,Week1-Wed,Week1-Wed,开发环境容器化配置,T1.1.1,环境配置
基础架构,数据库 Schema 初始化,2,Backend-1,Week1-Thu,Week1-Fri,PostgreSQL/MongoDB 表结构设计,T1.1.2,数据库设计
基础架构,CI/CD Pipeline 配置,1,Backend-1,Week2-Mon,Week2-Mon,GitHub Actions 自动化部署,T1.1.1,DevOps
用户权限,users 表创建,1,Backend-3,Week1-Mon,Week1-Mon,用户表和认证相关表结构,-,权限设计
用户权限,JWT 认证实现,3,Backend-3,Week1-Tue,Week1-Thu,登录/注册/Token 刷新 API,T1.2.1,认证鉴权
用户权限,RBAC 权限装饰器,2,Backend-3,Week1-Fri,Week2-Mon,基于角色的访问控制,T1.2.2,权限管理
用户权限,用户 CRUD API,2,Backend-3,Week2-Tue,Week2-Wed,管理员用户管理功能,T1.2.3,用户管理
用户权限,密码重置和登录日志,1,Backend-3,Week2-Thu,Week2-Thu,密码重置令牌和审计日志,T1.2.3,安全审计
Agent 核心引擎,agent_registry 表创建,1,Backend-1,Week1-Mon,Week1-Mon,Agent 注册表和版本表,-,Agent 架构
Agent 核心引擎,Agent SDK 基础框架,3,Backend-1,Week1-Tue,Week1-Thu,AgentExecutor 抽象类实现,T1.3.1,SDK 设计
Agent 核心引擎,A2A 协议通信层,3,Backend-1,Week1-Fri,Week2-Tue,Task/Message 标准格式,T1.3.2,协议实现
Agent 核心引擎,元 Agent 注册分配,2,Backend-1,Week2-Wed,Week2-Thu,全局默认 Agent 机制,T1.3.3,元 Agent
Agent 核心引擎,Agent 安装和版本管理,2,Backend-1,Week3-Mon,Week3-Tue,.alicepkg 包格式,T1.3.4,包管理
Agent 核心引擎,Agent 市场注册发现,2,Backend-1,Week3-Wed,Week3-Thu,Agent 市场 API,T2.3.1,市场机制
Agent 核心引擎,用户 Agent 安装记录,2,Backend-1,Week3-Fri,Week4-Mon,用户安装 Agent 关系表,T2.3.2,用户管理
Agent 核心引擎,Agent 启用禁用权限,2,Backend-1,Week4-Tue,Week4-Wed,管理员启用/用户切换,T2.3.3,权限控制
Agent 核心引擎,Agent 执行器实现,2,Backend-1,Week4-Thu,Week4-Fri,对接 LLM 进行对话,T2.3.4+T2.1.2,核心执行
Agent 核心引擎,Agent 并发执行队列,2,Backend-1,Week5-Mon,Week5-Tue,Celery 异步任务队列,T2.3.5,性能优化
Agent 核心引擎,错误处理和重试机制,2,Backend-1,Week5-Wed,Week5-Thu,Agent 执行容错,T3.4.1,可靠性
Agent 核心引擎,.alicepkg 包格式标准,2,Backend-1,Week5-Fri,Week6-Mon,Agent Card 和包格式,T2.3.2,标准化
Agent 核心引擎,Agent 单元测试,2,Backend-1,Week6-Tue,Week6-Wed,测试用例编写,T3.4.3,质量保证
Agent 核心引擎,Redis 缓存优化,2,Backend-1,Week6-Thu,Week6-Fri,性能优化和缓存,T3.4.4,性能优化
Model 管理,llm_providers 表创建,1,Backend-2,Week3-Mon,Week3-Mon,LLM 供应商和模型表,-,Model 架构
Model 管理,LiteLLM 统一调用封装,3,Backend-2,Week3-Tue,Week3-Thu,统一 LLM 调用接口,T2.1.1,LLM 集成
Model 管理,供应商配置 API,2,Backend-2,Week3-Fri,Week4-Mon,OpenAI/Anthropic/Ollama 配置,T2.1.2,供应商管理
Model 管理,模型列表启用禁用,2,Backend-2,Week4-Tue,Week4-Wed,模型管理 API,T2.1.3,模型管理
Model 管理,Agent 模型绑定,1,Backend-2,Week4-Thu,Week4-Thu,Agent 和 Model 绑定关系,T2.1.4,绑定管理
Model 管理,Token 使用量统计,1,Backend-2,Week4-Fri,Week4-Fri,基础使用量记录,T2.1.2,成本统计
对话管理,conversations 集合设计,1,Backend-3,Week3-Mon,Week3-Mon,MongoDB 对话和消息集合,-,对话架构
对话管理,对话 CRUD API,2,Backend-3,Week3-Tue,Week3-Wed,创建/查询/删除对话,T2.2.1,对话管理
对话管理,消息发送 API,2,Backend-3,Week3-Thu,Week3-Fri,同步消息发送,T2.2.2+T1.3.3,消息通信
对话管理,WebSocket 流式输出,3,Backend-3,Week4-Mon,Week4-Wed,实时流式对话,T2.2.3,实时通信
对话管理,上下文窗口管理,1,Backend-3,Week4-Thu,Week4-Thu,最近 20 条消息管理,T2.2.4,上下文
对话管理,Agent 切换功能,1,Backend-3,Week4-Fri,Week4-Fri,用户切换 Agent API,T2.2.5,切换机制
MCP 工具,mcp_registry 表创建,1,Backend-2,Week5-Mon,Week5-Mon,MCP 工具注册表,-,MCP 架构
MCP 工具,MCP 协议客户端,3,Backend-2,Week5-Tue,Week5-Thu,stdio/SSE 通信实现,T3.1.1,协议实现
MCP 工具,MCP 工具注册发现,2,Backend-2,Week5-Fri,Week6-Mon,MCP 市场 API,T3.1.2,市场机制
MCP 工具,Agent MCP 绑定,2,Backend-2,Week6-Tue,Week6-Wed,Agent 绑定 MCP 工具,T3.1.3,绑定管理
MCP 工具,MCP 调用集成,2,Backend-2,Week6-Thu,Week6-Fri,Agent 执行器集成 MCP,T3.1.4+T2.3.5,执行集成
RAG 知识库,knowledge_bases 表创建,1,Backend-2,Week5-Mon,Week5-Mon,知识库和文档表,-,RAG 架构
RAG 知识库,Qdrant 向量库初始化,1,Backend-2,Week5-Tue,Week5-Tue,向量数据库连接,T3.2.1,向量存储
RAG 知识库,文档上传解析,3,Backend-2,Week5-Wed,Week5-Fri,PDF/Word/TXT 解析,T3.2.2,文档处理
RAG 知识库,文档分块 Embedding,2,Backend-2,Week6-Mon,Week6-Tue,智能分块和向量化,T3.2.3,Embedding
RAG 知识库,混合检索实现,2,Backend-2,Week6-Wed,Week6-Thu,BM25 + Vector + RRF,T3.2.4,检索算法
RAG 知识库,RAG 集成到 Agent,1,Backend-2,Week6-Fri,Week6-Fri,Agent 调用 RAG 检索,T3.2.5+T2.3.5,RAG 集成
计费系统,billing_plans 表创建,1,Backend-3,Week5-Mon,Week5-Mon,套餐和账单表,-,计费架构
计费系统,使用量统计中间件,2,Backend-3,Week5-Tue,Week5-Wed,Token 使用量记录,T3.3.1+T2.1.6,使用量统计
计费系统,套餐管理 API,2,Backend-3,Week5-Thu,Week5-Fri,创建/编辑/删除套餐,T3.3.2,套餐管理
计费系统,用户配额和限流,2,Backend-3,Week6-Mon,Week6-Tue,配额管理和 Rate Limiting,T3.3.3,配额控制
计费系统,账单生成查询,2,Backend-3,Week6-Wed,Week6-Thu,月度账单生成,T3.3.4,账单管理
计费系统,使用量报表统计,1,Backend-3,Week6-Fri,Week6-Fri,统计报表 API,T3.3.5,报表统计
前端页面,前端项目脚手架,1,Frontend-1,Week1-Mon,Week1-Mon,React/Vue + Vite 项目,-,前端架构
前端页面,登录注册页面,3,Frontend-1,Week1-Tue,Week1-Thu,用户登录注册界面,T1.4.1+T1.2.2,认证页面
前端页面,JWT Token 管理,2,Frontend-1,Week1-Fri,Week2-Mon,Token 存储和拦截器,T1.4.2,Token 管理
前端页面,基础布局和路由,2,Frontend-1,Week2-Tue,Week2-Wed,Admin/User 双角色路由,T1.4.3,页面布局
前端页面,用户管理页面,2,Frontend-1,Week2-Thu,Week2-Fri,管理员用户管理,T1.4.4+T1.2.4,管理页面
前端页面,Model 管理页面,3,Frontend-1,Week3-Mon,Week3-Wed,供应商和模型配置,T2.1.3+T2.1.4,Model 管理
前端页面,对话界面基础版,3,Frontend-1,Week3-Thu,Week4-Mon,基础对话界面,T2.2.3,对话界面
前端页面,WebSocket 流式渲染,2,Frontend-1,Week4-Tue,Week4-Wed,流式对话输出,T2.4.2+T2.2.4,流式渲染
前端页面,Agent 市场页面,2,Frontend-1,Week4-Thu,Week4-Fri,双角色 Agent 市场,T2.3.2+T2.3.4,市场页面
前端页面,MCP 工具市场页面,2,Frontend-1,Week5-Mon,Week5-Tue,MCP 工具市场,T3.1.3+T3.1.4,市场页面
前端页面,RAG 知识库管理,3,Frontend-1,Week5-Wed,Week5-Fri,知识库上传管理,T3.2.3+T3.2.5,知识库页面
前端页面,计费使用量统计,2,Frontend-1,Week6-Mon,Week6-Tue,使用量和账单页面,T3.3.3+T3.3.6,计费页面
前端页面,对话历史搜索,2,Frontend-1,Week6-Wed,Week6-Thu,历史对话查询,T2.2.2,历史记录
前端页面,个人设置页面,1,Frontend-1,Week6-Fri,Week6-Fri,用户个人设置,-,设置页面
前端页面,UI/UX 优化,2,Frontend-1,Week7-Mon,Week7-Tue,响应式和体验优化,Sprint 3 完成,UI 优化
前端页面,错误处理完善,2,Frontend-1,Week7-Wed,Week7-Thu,错误提示和处理,T4.2.1,错误处理
前端页面,国际化支持,2,Frontend-1,Week7-Fri,Week8-Mon,中英文 i18n,T4.2.2,国际化
前端页面,前端单元测试,2,Frontend-1,Week8-Tue,Week8-Wed,Jest/Vitest 测试,T4.2.3,测试
测试,API 测试用例编写,3,QA-1,Week5-Mon,Week5-Wed,核心 API 测试用例,Sprint 2 完成,测试用例
测试,pytest 自动化脚本,3,QA-1,Week5-Thu,Week6-Mon,自动化测试脚本,T3.6.1,自动化测试
测试,集成测试环境搭建,2,QA-1,Week6-Tue,Week6-Wed,集成测试执行,T3.6.2,集成测试
测试,Bug 跟踪回归测试,2,QA-1,Week6-Thu,Week6-Fri,Bug 管理和修复,T3.6.3,质量保证
测试,端到端测试,2,QA-1,Week7-Mon,Week7-Tue,E2E 完整流程测试,Sprint 3 完成,E2E 测试
测试,性能压力测试,2,QA-1,Week7-Wed,Week7-Thu,Locust 压力测试,T4.1.1,性能测试
测试,安全测试,2,QA-1,Week7-Fri,Week8-Mon,OWASP Top 10,T4.1.2,安全测试
测试,冒烟测试,1,QA-1,Week8-Fri,Week8-Fri,生产环境验证,T4.5.2,验收测试
文档部署,API 文档完善,2,Backend-1,Week7-Mon,Week7-Tue,Swagger/OpenAPI,Sprint 3 完成,API 文档
文档部署,部署文档编写,2,Backend-1,Week7-Wed,Week7-Thu,Docker/K8s 部署,T4.3.1,部署文档
文档部署,用户管理员手册,3,PM-1,Week7-Mon,Week7-Wed,用户使用手册,Sprint 3 完成,用户手册
文档部署,开发者文档,2,Backend-1,Week7-Fri,Week8-Mon,Agent SDK/MCP 开发,T4.3.2,开发文档
文档部署,K8s 生产环境配置,2,Backend-1,Week8-Tue,Week8-Wed,生产部署脚本,T4.3.2,生产部署
文档部署,监控日志配置,1,Backend-1,Week8-Thu,Week8-Thu,Prometheus/ELK,T4.3.5,监控运维
预置数据,管理员账号初始化,1,Backend-2,Week7-Mon,Week7-Mon,预置 admin 账号,Sprint 1 完成,初始化
预置数据,元 Agent 预置,2,Backend-2,Week7-Tue,Week7-Wed,Alice Chat 元 Agent,T4.4.1+T2.3.5,元 Agent
预置数据,MCP 工具示例,2,Backend-2,Week7-Thu,Week7-Fri,2-3 个示例 MCP,T3.1.5,示例数据
预置数据,示例知识库,1,Backend-2,Week8-Mon,Week8-Mon,演示知识库,T3.2.6,示例数据
发布,内部验收测试,2,PM-1,Week8-Tue,Week8-Wed,全员验收,所有任务完成,验收
发布,版本打包 Release,1,Backend-1,Week8-Thu,Week8-Thu,v1.0 发布包,T4.5.1,发布
发布,生产部署上线,1,Backend-1,Week8-Fri,Week8-Fri,生产环境部署,T4.5.2,上线
